from	from_orient	to	to_orient
1	+	2	+
1	+	3	+
2	+	3	+
3	+	5	+
3	+	4	+
4	+	6	+
5	+	6	+
6	+	8	+
6	+	7	+
7	+	9	+
8	+	9	+
9	+	11	+
9	+	10	+
10	+	11	+
11	+	12	+
11	+	14	+
11	+	13	+
12	+	15	+
13	+	16	+
14	+	15	+
15	+	16	+
16	+	17	+
16	+	18	+
17	+	19	+
18	+	19	+
19	+	20	+
19	+	21	+
20	+	23	+
21	+	22	+
21	+	23	+
22	+	24	+
23	+	24	+
24	+	26	+
24	+	25	+
25	+	27	+
26	+	27	+
27	+	28	+
27	+	29	+
28	+	29	+
29	+	31	+
29	+	30	+
30	+	32	+
31	+	32	+
32	+	33	+
32	+	34	+
33	+	35	+
34	+	35	+
35	+	37	+
35	+	36	+
36	+	38	+
37	+	38	+
38	+	39	+
38	+	40	+
39	+	41	+
40	+	41	+
41	+	42	+
41	+	44	+
42	+	44	+
42	+	43	+
43	+	45	+
44	+	45	+
45	+	48	+
45	+	47	+
45	+	46	+
46	+	48	+
47	+	48	+
48	+	50	+
48	+	49	+
49	+	51	+
50	+	51	+
51	+	53	+
51	+	52	+
52	+	54	+
53	+	54	+
54	+	55	+
54	+	60	+
54	+	59	+
54	+	58	+
54	+	57	+
55	+	57	+
55	+	56	+
56	+	57	+
57	+	58	+
58	+	59	+
59	+	61	+
60	+	61	+
61	+	62	+
61	+	63	+
62	+	64	+
63	+	64	+
64	+	66	+
64	+	65	+
65	+	66	+
66	+	67	+
66	+	68	+
67	+	69	+
68	+	69	+
69	+	71	+
69	+	70	+
70	+	71	+
71	+	73	+
71	+	72	+
72	+	73	+
73	+	78	+
73	+	74	+
73	+	75	+
74	+	75	+
75	+	76	+
75	+	77	+
76	+	83	+
77	+	78	+
78	+	80	+
78	+	79	+
79	+	81	+
80	+	81	+
81	+	82	+
81	+	83	+
82	+	83	+
83	+	85	+
83	+	84	+
84	+	86	+
85	+	86	+
86	+	87	+
86	+	88	+
87	+	88	+
88	+	90	+
88	+	89	+
89	+	91	+
89	+	92	+
90	+	93	+
91	+	94	+
92	+	93	+
93	+	94	+
94	+	95	+
94	+	96	+
95	+	97	+
96	+	97	+
97	+	99	+
97	+	98	+
98	+	100	+
99	+	100	+
100	+	102	+
100	+	101	+
101	+	102	+
102	+	104	+
102	+	103	+
103	+	105	+
104	+	105	+
105	+	107	+
105	+	106	+
106	+	108	+
107	+	108	+
108	+	111	+
108	+	109	+
108	+	110	+
108	+	112	+
109	+	111	+
110	+	113	+
111	+	112	+
112	+	113	+
113	+	115	+
113	+	114	+
114	+	116	+
115	+	116	+
116	+	118	+
116	+	117	+
117	+	119	+
118	+	119	+
119	+	121	+
119	+	120	+
120	+	122	+
121	+	122	+
122	+	124	+
122	+	123	+
123	+	125	+
124	+	125	+
125	+	127	+
125	+	126	+
126	+	128	+
127	+	128	+
128	+	130	+
128	+	129	+
129	+	130	+
130	+	131	+
130	+	132	+
131	+	133	+
132	+	133	+
133	+	135	+
133	+	134	+
134	+	136	+
135	+	136	+
136	+	137	+
136	+	138	+
137	+	139	+
138	+	139	+
139	+	141	+
139	+	140	+
139	+	142	+
140	+	142	+
141	+	142	+
142	+	143	+
142	+	144	+
143	+	145	+
144	+	145	+
145	+	147	+
145	+	146	+
146	+	148	+
147	+	148	+
148	+	151	+
148	+	150	+
148	+	149	+
148	+	152	+
149	+	150	+
150	+	151	+
151	+	153	+
152	+	153	+
153	+	154	+
153	+	155	+
154	+	156	+
155	+	156	+
156	+	158	+
156	+	157	+
157	+	159	+
158	+	159	+
159	+	161	+
159	+	160	+
160	+	162	+
161	+	162	+
162	+	163	+
162	+	164	+
163	+	165	+
164	+	165	+
165	+	167	+
165	+	166	+
166	+	167	+
167	+	169	+
167	+	168	+
168	+	173	+
168	+	174	+
169	+	170	+
169	+	171	+
170	+	172	+
171	+	172	+
172	+	177	+
172	+	176	+
173	+	175	+
174	+	175	+
175	+	224	+
175	+	227	+
176	+	178	+
177	+	178	+
178	+	179	+
178	+	180	+
179	+	181	+
180	+	181	+
181	+	186	+
181	+	182	+
182	+	183	+
182	+	184	+
183	+	185	+
184	+	185	+
185	+	186	+
186	+	187	+
186	+	188	+
187	+	188	+
188	+	190	+
188	+	189	+
189	+	192	+
190	+	206	+
190	+	191	+
191	+	192	+
192	+	194	+
192	+	193	+
193	+	195	+
194	+	195	+
195	+	196	+
195	+	197	+
196	+	198	+
197	+	198	+
198	+	199	+
198	+	200	+
199	+	201	+
200	+	201	+
201	+	202	+
201	+	203	+
202	+	204	+
203	+	204	+
204	+	205	+
204	+	206	+
205	+	206	+
206	+	208	+
206	+	207	+
207	+	209	+
208	+	209	+
208	+	210	+
209	+	212	+
209	+	211	+
210	+	211	+
211	+	212	+
211	+	215	+
212	+	213	+
212	+	216	+
213	+	217	+
213	+	214	+
214	+	215	+
215	+	216	+
216	+	217	+
217	+	220	+
217	+	218	+
217	+	219	+
218	+	220	+
219	+	221	+
220	+	221	+
220	+	222	+
221	+	225	+
221	+	223	+
222	+	223	+
223	+	225	+
224	+	228	+
225	+	226	+
225	+	229	+
226	+	230	+
227	+	228	+
228	+	262	+
229	+	230	+
230	+	231	+
231	+	232	+
231	+	233	+
232	+	233	+
233	+	234	+
233	+	235	+
234	+	235	+
235	+	237	+
235	+	236	+
236	+	237	+
237	+	239	+
237	+	238	+
238	+	239	+
239	+	240	+
239	+	241	+
240	+	242	+
241	+	242	+
242	+	243	+
242	+	244	+
243	+	245	+
244	+	245	+
245	+	247	+
245	+	246	+
246	+	248	+
247	+	248	+
248	+	249	+
248	+	250	+
249	+	251	+
250	+	251	+
251	+	253	+
251	+	252	+
252	+	254	+
253	+	254	+
254	+	256	+
254	+	255	+
255	+	257	+
256	+	257	+
257	+	258	+
257	+	259	+
258	+	260	+
259	+	260	+
260	+	261	+
260	+	746	+
261	+	663	+
262	+	263	+
263	+	264	+
263	+	265	+
264	+	266	+
265	+	266	+
266	+	268	+
266	+	267	+
267	+	269	+
268	+	269	+
269	+	270	+
269	+	271	+
270	+	272	+
271	+	272	+
272	+	274	+
272	+	273	+
273	+	275	+
274	+	275	+
275	+	276	+
275	+	277	+
276	+	277	+
277	+	278	+
277	+	279	+
278	+	280	+
279	+	280	+
280	+	281	+
280	+	282	+
281	+	285	+
282	+	283	+
282	+	284	+
283	+	285	+
284	+	285	+
285	+	287	+
285	+	286	+
286	+	288	+
287	+	288	+
288	+	290	+
288	+	289	+
288	+	291	+
289	+	294	+
290	+	292	+
291	+	292	+
292	+	293	+
292	+	294	+
293	+	296	+
294	+	295	+
294	+	296	+
295	+	299	+
296	+	297	+
296	+	298	+
297	+	300	+
298	+	299	+
299	+	300	+
300	+	301	+
300	+	304	+
301	+	303	+
301	+	302	+
302	+	305	+
303	+	305	+
304	+	306	+
304	+	311	+
305	+	306	+
306	+	307	+
306	+	308	+
307	+	309	+
307	+	310	+
308	+	311	+
309	+	312	+
310	+	311	+
311	+	313	+
311	+	312	+
312	+	314	+
312	+	316	+
313	+	315	+
314	+	315	+
315	+	317	+
316	+	321	+
316	+	317	+
317	+	319	+
317	+	320	+
317	+	318	+
318	+	321	+
319	+	321	+
320	+	321	+
321	+	322	+
321	+	323	+
322	+	326	+
323	+	329	+
323	+	324	+
324	+	325	+
324	+	326	+
325	+	327	+
325	+	329	+
326	+	328	+
326	+	327	+
327	+	330	+
328	+	330	+
329	+	331	+
330	+	331	+
331	+	334	+
331	+	332	+
332	+	333	+
332	+	335	+
333	+	336	+
334	+	335	+
335	+	336	+
336	+	337	+
336	+	339	+
337	+	338	+
337	+	340	+
338	+	341	+
339	+	340	+
340	+	341	+
340	+	342	+
341	+	346	+
341	+	343	+
342	+	346	+
342	+	343	+
343	+	344	+
343	+	345	+
344	+	345	+
345	+	346	+
346	+	348	+
346	+	347	+
347	+	348	+
348	+	349	+
348	+	350	+
349	+	352	+
350	+	353	+
350	+	351	+
351	+	352	+
352	+	353	+
353	+	355	+
353	+	354	+
354	+	357	+
355	+	356	+
355	+	357	+
356	+	359	+
357	+	358	+
357	+	359	+
358	+	360	+
359	+	360	+
360	+	362	+
360	+	361	+
360	+	363	+
361	+	365	+
362	+	363	+
363	+	364	+
363	+	366	+
364	+	365	+
365	+	367	+
365	+	366	+
366	+	378	+
366	+	368	+
366	+	367	+
367	+	368	+
368	+	369	+
368	+	379	+
368	+	370	+
368	+	381	+
369	+	371	+
370	+	371	+
371	+	372	+
371	+	373	+
372	+	373	+
373	+	375	+
373	+	374	+
374	+	376	+
375	+	376	+
376	+	383	+
376	+	377	+
377	+	398	+
378	+	379	+
379	+	380	+
379	+	382	+
380	+	383	+
381	+	382	+
382	+	387	+
383	+	384	+
383	+	385	+
384	+	386	+
385	+	386	+
386	+	396	+
387	+	388	+
387	+	389	+
388	+	390	+
389	+	391	+
389	+	390	+
390	+	392	+
391	+	392	+
392	+	394	+
392	+	393	+
393	+	394	+
394	+	395	+
394	+	662	+
395	+	402	+
396	+	397	+
397	+	399	+
397	+	400	+
397	+	398	+
398	+	401	+
399	+	400	+
400	+	403	+
401	+	402	+
402	+	403	+
403	+	405	+
403	+	404	+
404	+	406	+
405	+	406	+
405	+	535	+
406	+	408	+
406	+	407	+
407	+	409	+
408	+	409	+
409	+	411	+
409	+	410	+
410	+	411	+
411	+	413	+
411	+	412	+
412	+	413	+
412	+	452	+
413	+	415	+
413	+	414	+
414	+	415	+
415	+	417	+
415	+	416	+
416	+	418	+
417	+	418	+
418	+	420	+
418	+	419	+
419	+	420	+
420	+	421	+
420	+	422	+
421	+	423	+
422	+	423	+
423	+	425	+
423	+	424	+
424	+	426	+
425	+	426	+
426	+	428	+
426	+	427	+
427	+	428	+
428	+	429	+
428	+	430	+
429	+	431	+
430	+	431	+
431	+	432	+
431	+	433	+
432	+	433	+
433	+	434	+
433	+	435	+
434	+	436	+
435	+	436	+
436	+	438	+
436	+	437	+
437	+	439	+
438	+	439	+
438	+	453	+
439	+	440	+
439	+	441	+
440	+	442	+
441	+	442	+
442	+	443	+
442	+	445	+
443	+	444	+
443	+	454	+
444	+	445	+
445	+	447	+
445	+	446	+
446	+	447	+
447	+	448	+
447	+	451	+
448	+	450	+
448	+	449	+
449	+	451	+
450	+	451	+
451	+	507	+
452	+	453	+
453	+	454	+
454	+	456	+
454	+	455	+
455	+	456	+
456	+	458	+
456	+	457	+
457	+	458	+
458	+	460	+
458	+	459	+
459	+	460	+
460	+	461	+
460	+	463	+
461	+	462	+
461	+	464	+
462	+	465	+
463	+	464	+
464	+	465	+
465	+	467	+
465	+	466	+
466	+	468	+
467	+	468	+
468	+	470	+
468	+	469	+
469	+	471	+
470	+	471	+
471	+	473	+
471	+	476	+
471	+	472	+
472	+	474	+
473	+	474	+
474	+	476	+
474	+	475	+
475	+	476	+
476	+	477	+
476	+	479	+
477	+	478	+
477	+	479	+
478	+	479	+
479	+	481	+
479	+	480	+
480	+	482	+
481	+	482	+
482	+	483	+
482	+	484	+
483	+	485	+
484	+	485	+
485	+	487	+
485	+	486	+
486	+	487	+
487	+	488	+
487	+	489	+
488	+	489	+
489	+	490	+
489	+	491	+
490	+	491	+
491	+	493	+
491	+	492	+
492	+	494	+
493	+	494	+
494	+	495	+
494	+	496	+
495	+	497	+
496	+	497	+
497	+	499	+
497	+	498	+
498	+	500	+
499	+	500	+
500	+	501	+
500	+	502	+
501	+	503	+
502	+	503	+
503	+	504	+
503	+	505	+
504	+	506	+
505	+	506	+
506	+	507	+
506	+	508	+
507	+	509	+
508	+	509	+
509	+	511	+
509	+	510	+
510	+	512	+
511	+	512	+
512	+	514	+
512	+	513	+
513	+	515	+
514	+	515	+
515	+	516	+
515	+	517	+
516	+	518	+
517	+	518	+
518	+	520	+
518	+	519	+
519	+	520	+
519	+	521	+
520	+	522	+
521	+	522	+
522	+	524	+
522	+	523	+
523	+	524	+
524	+	525	+
524	+	526	+
525	+	527	+
526	+	527	+
527	+	529	+
527	+	530	+
527	+	528	+
528	+	532	+
529	+	531	+
530	+	531	+
531	+	532	+
532	+	534	+
532	+	533	+
533	+	534	+
534	+	591	+
535	+	536	+
535	+	581	+
536	+	538	+
536	+	537	+
537	+	539	+
538	+	539	+
538	+	540	+
539	+	550	+
539	+	551	+
539	+	549	+
540	+	545	+
540	+	542	+
540	+	541	+
540	+	546	+
541	+	542	+
542	+	543	+
542	+	544	+
543	+	545	+
544	+	545	+
545	+	547	+
545	+	546	+
546	+	548	+
547	+	548	+
548	+	576	+
549	+	550	+
550	+	551	+
551	+	554	+
551	+	552	+
551	+	553	+
552	+	554	+
553	+	554	+
554	+	555	+
554	+	556	+
555	+	557	+
556	+	557	+
557	+	559	+
557	+	558	+
558	+	559	+
559	+	561	+
559	+	560	+
560	+	561	+
561	+	563	+
561	+	562	+
562	+	564	+
563	+	564	+
564	+	565	+
564	+	566	+
565	+	566	+
566	+	567	+
566	+	568	+
567	+	569	+
568	+	569	+
569	+	570	+
569	+	571	+
570	+	572	+
571	+	572	+
572	+	574	+
572	+	573	+
573	+	574	+
574	+	575	+
574	+	576	+
575	+	577	+
576	+	577	+
577	+	579	+
577	+	578	+
578	+	580	+
579	+	580	+
580	+	582	+
581	+	677	+
582	+	583	+
583	+	585	+
583	+	584	+
584	+	586	+
585	+	586	+
586	+	587	+
586	+	588	+
587	+	589	+
588	+	589	+
589	+	262	+
589	+	590	+
590	+	263	+
591	+	593	+
591	+	592	+
592	+	594	+
593	+	594	+
594	+	595	+
594	+	596	+
595	+	597	+
596	+	597	+
597	+	598	+
597	+	632	+
598	+	600	+
598	+	599	+
599	+	600	+
600	+	602	+
600	+	601	+
601	+	603	+
602	+	603	+
603	+	605	+
603	+	604	+
604	+	606	+
605	+	606	+
606	+	608	+
606	+	607	+
607	+	609	+
608	+	609	+
609	+	610	+
609	+	611	+
610	+	612	+
611	+	612	+
612	+	614	+
612	+	613	+
613	+	615	+
614	+	615	+
615	+	617	+
615	+	616	+
616	+	618	+
617	+	618	+
618	+	619	+
618	+	621	+
619	+	621	+
619	+	620	+
620	+	621	+
621	+	625	+
621	+	622	+
622	+	624	+
622	+	623	+
623	+	625	+
624	+	625	+
625	+	626	+
625	+	627	+
626	+	628	+
627	+	628	+
628	+	630	+
628	+	629	+
629	+	631	+
630	+	631	+
631	+	634	+
631	+	633	+
632	+	676	+
633	+	635	+
634	+	635	+
635	+	636	+
635	+	637	+
636	+	638	+
637	+	638	+
638	+	640	+
638	+	639	+
639	+	641	+
640	+	641	+
641	+	642	+
641	+	643	+
642	+	644	+
643	+	644	+
644	+	645	+
644	+	646	+
645	+	646	+
646	+	650	+
646	+	648	+
646	+	647	+
647	+	650	+
648	+	650	+
648	+	649	+
649	+	660	+
650	+	651	+
650	+	652	+
651	+	653	+
652	+	653	+
653	+	654	+
653	+	655	+
654	+	656	+
654	+	659	+
655	+	656	+
656	+	658	+
656	+	657	+
657	+	659	+
658	+	659	+
659	+	661	+
659	+	660	+
660	+	396	+
661	+	397	+
662	+	401	+
663	+	665	+
663	+	664	+
664	+	666	+
665	+	666	+
666	+	667	+
666	+	668	+
667	+	669	+
668	+	669	+
669	+	671	+
669	+	670	+
670	+	672	+
671	+	672	+
672	+	673	+
672	+	674	+
673	+	675	+
674	+	675	+
675	+	582	+
675	+	583	+
676	+	637	+
677	+	680	+
677	+	678	+
678	+	679	+
678	+	681	+
679	+	684	+
680	+	681	+
681	+	683	+
681	+	682	+
682	+	684	+
682	+	686	+
683	+	684	+
684	+	686	+
684	+	685	+
685	+	686	+
686	+	687	+
686	+	688	+
686	+	689	+
687	+	690	+
688	+	690	+
689	+	694	+
690	+	692	+
690	+	691	+
691	+	693	+
692	+	693	+
693	+	695	+
693	+	694	+
694	+	697	+
694	+	696	+
695	+	697	+
696	+	701	+
697	+	698	+
697	+	699	+
698	+	700	+
699	+	700	+
700	+	702	+
700	+	701	+
701	+	703	+
702	+	703	+
703	+	705	+
703	+	704	+
703	+	707	+
703	+	706	+
704	+	707	+
705	+	707	+
706	+	708	+
707	+	708	+
708	+	710	+
708	+	709	+
709	+	711	+
710	+	711	+
711	+	712	+
711	+	715	+
712	+	714	+
712	+	713	+
713	+	717	+
714	+	716	+
715	+	716	+
716	+	718	+
716	+	717	+
717	+	719	+
718	+	719	+
719	+	723	+
719	+	720	+
719	+	721	+
720	+	721	+
721	+	724	+
721	+	722	+
722	+	725	+
723	+	724	+
724	+	725	+
724	+	727	+
725	+	728	+
725	+	729	+
725	+	726	+
726	+	677	+
727	+	728	+
728	+	730	+
729	+	730	+
730	+	731	+
730	+	732	+
730	+	733	+
731	+	732	+
732	+	734	+
732	+	735	+
733	+	734	+
734	+	747	+
734	+	735	+
735	+	737	+
735	+	736	+
736	+	738	+
737	+	738	+
738	+	739	+
738	+	740	+
739	+	741	+
740	+	741	+
741	+	742	+
741	+	743	+
742	+	744	+
743	+	744	+
744	+	745	+
744	+	746	+
745	+	753	+
746	+	663	+
746	+	747	+
747	+	749	+
747	+	748	+
748	+	750	+
749	+	750	+
750	+	752	+
750	+	751	+
751	+	753	+
752	+	754	+
753	+	754	+
753	+	755	+
754	+	756	+
754	+	757	+
755	+	759	+
756	+	758	+
757	+	758	+
758	+	759	+
759	+	760	+
759	+	761	+
760	+	762	+
761	+	762	+
762	+	763	+
762	+	764	+
763	+	764	+
764	+	765	+
764	+	766	+
765	+	767	+
766	+	767	+
767	+	769	+
767	+	768	+
768	+	770	+
769	+	770	+
770	+	771	+
770	+	772	+
771	+	772	+
772	+	773	+
772	+	774	+
773	+	774	+
774	+	775	+
774	+	776	+
775	+	777	+
776	+	777	+
777	+	779	+
777	+	778	+
778	+	780	+
779	+	780	+
780	+	781	+
780	+	782	+
781	+	782	+
782	+	783	+
782	+	784	+
783	+	785	+
784	+	785	+
785	+	787	+
785	+	786	+
786	+	788	+
787	+	788	+
788	+	789	+
788	+	790	+
789	+	791	+
790	+	791	+
791	+	792	+
791	+	793	+
792	+	794	+
793	+	794	+
794	+	795	+
794	+	796	+
795	+	797	+
795	+	798	+
796	+	798	+
797	+	798	+
798	+	799	+
798	+	801	+
799	+	800	+
799	+	802	+
800	+	803	+
801	+	802	+
802	+	803	+
802	+	805	+
803	+	804	+
803	+	806	+
804	+	810	+
805	+	806	+
806	+	808	+
806	+	807	+
807	+	809	+
808	+	809	+
809	+	810	+
809	+	812	+
810	+	813	+
810	+	811	+
811	+	814	+
812	+	813	+
813	+	814	+
814	+	816	+
814	+	815	+
815	+	816	+
816	+	818	+
816	+	817	+
817	+	819	+
818	+	819	+
819	+	821	+
819	+	820	+
820	+	823	+
821	+	822	+
821	+	825	+
822	+	823	+
823	+	824	+
823	+	829	+
823	+	826	+
824	+	826	+
825	+	826	+
826	+	827	+
826	+	828	+
827	+	829	+
828	+	829	+
829	+	831	+
829	+	830	+
830	+	832	+
831	+	832	+
832	+	834	+
832	+	833	+
832	+	591	+
833	+	838	+
834	+	841	+
834	+	840	+
834	+	843	+
834	+	842	+
834	+	835	+
835	+	839	+
835	+	836	+
836	+	387	+
836	+	837	+
837	+	953	+
838	+	676	+
839	+	840	+
840	+	841	+
841	+	842	+
842	+	843	+
843	+	844	+
843	+	848	+
844	+	847	+
844	+	845	+
845	+	848	+
845	+	846	+
846	+	662	+
847	+	848	+
848	+	849	+
848	+	850	+
849	+	882	+
849	+	879	+
849	+	880	+
849	+	886	+
850	+	884	+
850	+	852	+
850	+	853	+
850	+	878	+
850	+	854	+
850	+	881	+
850	+	883	+
850	+	851	+
851	+	852	+
852	+	853	+
853	+	854	+
854	+	878	+
854	+	855	+
855	+	231	+
855	+	856	+
856	+	857	+
856	+	859	+
857	+	858	+
857	+	859	+
858	+	838	+
859	+	861	+
859	+	860	+
860	+	862	+
861	+	862	+
862	+	864	+
862	+	863	+
863	+	865	+
864	+	865	+
865	+	867	+
865	+	866	+
866	+	868	+
867	+	868	+
868	+	870	+
868	+	869	+
869	+	871	+
870	+	871	+
871	+	872	+
871	+	873	+
872	+	874	+
873	+	874	+
874	+	876	+
874	+	875	+
875	+	877	+
876	+	877	+
877	+	746	+
878	+	881	+
879	+	880	+
880	+	882	+
881	+	883	+
882	+	886	+
883	+	884	+
884	+	885	+
884	+	892	+
885	+	894	+
886	+	888	+
886	+	887	+
887	+	889	+
888	+	889	+
889	+	890	+
889	+	891	+
890	+	896	+
891	+	892	+
892	+	893	+
892	+	894	+
893	+	895	+
894	+	895	+
895	+	896	+
896	+	897	+
896	+	898	+
897	+	899	+
898	+	899	+
899	+	901	+
899	+	900	+
900	+	902	+
901	+	902	+
902	+	904	+
902	+	903	+
903	+	908	+
904	+	905	+
904	+	906	+
904	+	907	+
905	+	906	+
906	+	907	+
907	+	908	+
908	+	909	+
908	+	999	+
908	+	998	+
908	+	1302	+
909	+	997	+
909	+	1001	+
909	+	910	+
910	+	912	+
910	+	913	+
910	+	911	+
910	+	914	+
911	+	912	+
912	+	913	+
913	+	914	+
914	+	915	+
914	+	916	+
915	+	916	+
916	+	918	+
916	+	917	+
917	+	919	+
918	+	919	+
919	+	920	+
919	+	921	+
920	+	921	+
921	+	924	+
921	+	922	+
921	+	923	+
922	+	924	+
923	+	924	+
924	+	925	+
924	+	926	+
925	+	927	+
926	+	927	+
927	+	928	+
927	+	929	+
928	+	930	+
929	+	930	+
930	+	931	+
930	+	932	+
931	+	933	+
932	+	933	+
933	+	935	+
933	+	934	+
934	+	936	+
935	+	971	+
935	+	936	+
936	+	937	+
936	+	938	+
937	+	939	+
938	+	939	+
939	+	941	+
939	+	940	+
940	+	886	+
941	+	942	+
941	+	943	+
942	+	944	+
943	+	944	+
944	+	945	+
944	+	946	+
945	+	947	+
946	+	947	+
947	+	948	+
947	+	953	+
948	+	950	+
948	+	949	+
948	+	953	+
949	+	951	+
950	+	951	+
951	+	953	+
951	+	952	+
952	+	953	+
953	+	954	+
953	+	955	+
954	+	956	+
955	+	956	+
956	+	957	+
956	+	958	+
957	+	959	+
958	+	959	+
959	+	961	+
959	+	960	+
960	+	961	+
961	+	962	+
961	+	963	+
962	+	964	+
963	+	964	+
964	+	965	+
964	+	966	+
965	+	967	+
966	+	967	+
967	+	969	+
967	+	968	+
968	+	970	+
969	+	970	+
970	+	972	+
970	+	973	+
971	+	1409	+
972	+	974	+
973	+	974	+
974	+	976	+
974	+	975	+
975	+	977	+
976	+	977	+
977	+	978	+
977	+	980	+
977	+	979	+
978	+	979	+
979	+	980	+
980	+	982	+
980	+	981	+
981	+	983	+
982	+	983	+
983	+	984	+
983	+	985	+
984	+	986	+
985	+	986	+
986	+	988	+
986	+	987	+
987	+	989	+
988	+	989	+
989	+	991	+
989	+	990	+
990	+	991	+
991	+	993	+
991	+	992	+
992	+	993	+
993	+	995	+
993	+	994	+
994	+	996	+
995	+	996	+
996	+	1410	+
996	+	1409	+
997	+	998	+
998	+	1001	+
999	+	1000	+
999	+	997	+
1000	+	998	+
1001	+	1003	+
1001	+	1002	+
1002	+	1004	+
1003	+	1004	+
1004	+	1005	+
1004	+	1006	+
1005	+	1007	+
1006	+	1007	+
1007	+	1009	+
1007	+	1008	+
1008	+	1009	+
1009	+	1011	+
1009	+	1010	+
1010	+	1011	+
1011	+	1013	+
1011	+	1012	+
1012	+	1014	+
1013	+	1014	+
1014	+	1016	+
1014	+	1015	+
1015	+	1017	+
1016	+	1017	+
1017	+	1018	+
1017	+	1019	+
1018	+	1020	+
1019	+	1020	+
1020	+	1022	+
1020	+	1021	+
1021	+	1023	+
1022	+	1023	+
1023	+	1024	+
1023	+	1025	+
1024	+	1027	+
1025	+	1026	+
1025	+	1027	+
1026	+	1172	+
1027	+	1029	+
1027	+	1028	+
1028	+	1030	+
1029	+	1030	+
1030	+	1033	+
1030	+	1031	+
1030	+	1032	+
1031	+	1034	+
1032	+	1033	+
1033	+	1034	+
1034	+	1035	+
1034	+	1036	+
1035	+	1037	+
1036	+	1037	+
1037	+	1040	+
1037	+	1039	+
1037	+	1038	+
1038	+	1039	+
1039	+	1041	+
1040	+	1041	+
1041	+	1044	+
1041	+	1042	+
1042	+	1043	+
1042	+	1045	+
1043	+	1065	+
1044	+	1067	+
1044	+	1045	+
1045	+	1047	+
1045	+	1046	+
1046	+	1048	+
1047	+	1048	+
1048	+	1050	+
1048	+	1051	+
1048	+	1052	+
1048	+	1049	+
1048	+	1053	+
1049	+	1050	+
1050	+	1051	+
1051	+	1052	+
1052	+	1053	+
1053	+	1055	+
1053	+	1054	+
1054	+	1055	+
1055	+	1056	+
1055	+	1057	+
1056	+	1058	+
1057	+	1058	+
1058	+	1060	+
1058	+	1059	+
1059	+	1061	+
1060	+	1061	+
1061	+	1062	+
1061	+	1063	+
1062	+	1064	+
1063	+	1064	+
1064	+	1065	+
1065	+	1066	+
1065	+	1068	+
1066	+	1068	+
1067	+	1069	+
1067	+	1071	+
1068	+	1076	+
1068	+	1070	+
1069	+	1072	+
1070	+	1077	+
1071	+	1072	+
1072	+	1074	+
1072	+	1073	+
1073	+	1075	+
1074	+	1075	+
1075	+	1076	+
1076	+	1077	+
1077	+	1078	+
1077	+	1079	+
1078	+	1080	+
1079	+	1080	+
1080	+	1082	+
1080	+	1081	+
1081	+	1083	+
1082	+	1083	+
1083	+	1085	+
1083	+	1084	+
1084	+	1085	+
1085	+	1086	+
1085	+	1087	+
1086	+	1088	+
1087	+	1088	+
1088	+	1090	+
1088	+	1089	+
1089	+	1091	+
1090	+	1091	+
1091	+	1092	+
1091	+	1093	+
1092	+	1093	+
1093	+	1094	+
1093	+	1095	+
1094	+	1096	+
1095	+	1096	+
1096	+	1097	+
1096	+	1098	+
1097	+	1098	+
1098	+	1100	+
1098	+	1099	+
1099	+	1101	+
1100	+	1101	+
1101	+	1103	+
1101	+	1102	+
1102	+	1104	+
1103	+	1104	+
1104	+	1105	+
1104	+	1106	+
1105	+	1107	+
1106	+	1107	+
1107	+	1108	+
1107	+	1109	+
1108	+	1110	+
1109	+	1110	+
1110	+	1122	+
1110	+	1111	+
1111	+	1113	+
1111	+	1112	+
1112	+	1114	+
1113	+	1114	+
1114	+	1115	+
1114	+	1116	+
1115	+	1116	+
1116	+	1117	+
1116	+	1125	+
1117	+	1118	+
1117	+	1123	+
1118	+	1124	+
1118	+	1119	+
1119	+	1121	+
1119	+	1120	+
1120	+	839	+
1120	+	1140	+
1121	+	1262	+
1122	+	1173	+
1123	+	1124	+
1124	+	1126	+
1125	+	1126	+
1126	+	1128	+
1126	+	1127	+
1127	+	1129	+
1128	+	1129	+
1129	+	1131	+
1129	+	1130	+
1130	+	1131	+
1131	+	1133	+
1131	+	1132	+
1132	+	1134	+
1133	+	1134	+
1134	+	1135	+
1134	+	1136	+
1135	+	1136	+
1136	+	1138	+
1136	+	1137	+
1137	+	1138	+
1138	+	1139	+
1138	+	1142	+
1139	+	1143	+
1140	+	1141	+
1140	+	1167	+
1141	+	1162	+
1142	+	1143	+
1143	+	1145	+
1143	+	1144	+
1144	+	1146	+
1145	+	1146	+
1146	+	1147	+
1146	+	1148	+
1147	+	1149	+
1148	+	1149	+
1149	+	1150	+
1149	+	1436	+
1150	+	1151	+
1150	+	1152	+
1151	+	1153	+
1152	+	1153	+
1153	+	1154	+
1153	+	1156	+
1154	+	1155	+
1154	+	1156	+
1155	+	1156	+
1156	+	1157	+
1156	+	1159	+
1157	+	1158	+
1157	+	1166	+
1157	+	1165	+
1158	+	1160	+
1158	+	1159	+
1159	+	1165	+
1159	+	1166	+
1159	+	1164	+
1160	+	1163	+
1160	+	1161	+
1161	+	1162	+
1162	+	1163	+
1163	+	1164	+
1164	+	1165	+
1165	+	1166	+
1166	+	1168	+
1166	+	1167	+
1167	+	1168	+
1168	+	1169	+
1168	+	1170	+
1169	+	1171	+
1170	+	1171	+
1171	+	1172	+
1172	+	1173	+
1173	+	1174	+
1173	+	1176	+
1173	+	1175	+
1174	+	1175	+
1175	+	1176	+
1176	+	1178	+
1176	+	1177	+
1177	+	1179	+
1178	+	1179	+
1179	+	1180	+
1179	+	1181	+
1180	+	1182	+
1181	+	1182	+
1182	+	1184	+
1182	+	1183	+
1183	+	1184	+
1184	+	1185	+
1184	+	1186	+
1185	+	1187	+
1186	+	1187	+
1187	+	1188	+
1187	+	1189	+
1188	+	1190	+
1189	+	1190	+
1190	+	1191	+
1190	+	1192	+
1191	+	1192	+
1192	+	1193	+
1192	+	1194	+
1193	+	1195	+
1194	+	1195	+
1195	+	1197	+
1195	+	1196	+
1196	+	1198	+
1197	+	1198	+
1198	+	1199	+
1198	+	1200	+
1199	+	1203	+
1200	+	1202	+
1200	+	1201	+
1200	+	1372	+
1201	+	1202	+
1202	+	1203	+
1203	+	1205	+
1203	+	1204	+
1203	+	1206	+
1204	+	1205	+
1205	+	1206	+
1206	+	1208	+
1206	+	1207	+
1206	+	1210	+
1207	+	1210	+
1208	+	1210	+
1208	+	1209	+
1209	+	1210	+
1210	+	1211	+
1210	+	1212	+
1211	+	1214	+
1212	+	1214	+
1212	+	1213	+
1213	+	1216	+
1214	+	1217	+
1214	+	1216	+
1214	+	1215	+
1215	+	1223	+
1215	+	1217	+
1216	+	1217	+
1217	+	1218	+
1217	+	1219	+
1218	+	1221	+
1219	+	1220	+
1219	+	1221	+
1219	+	1298	+
1219	+	1741	+
1220	+	1223	+
1221	+	1223	+
1221	+	1222	+
1222	+	1223	+
1223	+	1225	+
1223	+	1224	+
1224	+	1225	+
1225	+	1226	+
1225	+	1227	+
1226	+	1228	+
1227	+	1228	+
1228	+	1230	+
1228	+	1229	+
1229	+	1230	+
1230	+	1231	+
1230	+	1232	+
1231	+	1233	+
1232	+	1233	+
1233	+	1235	+
1233	+	1234	+
1234	+	1235	+
1235	+	1237	+
1235	+	1236	+
1236	+	1237	+
1237	+	1238	+
1237	+	1239	+
1238	+	1240	+
1239	+	1240	+
1240	+	1242	+
1240	+	1241	+
1241	+	1243	+
1242	+	1243	+
1243	+	1244	+
1243	+	1245	+
1244	+	1246	+
1245	+	1246	+
1246	+	1248	+
1246	+	1247	+
1247	+	1249	+
1248	+	1249	+
1249	+	1251	+
1249	+	1250	+
1250	+	1252	+
1251	+	1252	+
1252	+	1254	+
1252	+	1253	+
1253	+	1255	+
1254	+	1255	+
1255	+	1256	+
1255	+	1257	+
1256	+	1258	+
1257	+	1258	+
1258	+	1259	+
1258	+	1260	+
1259	+	1261	+
1260	+	1261	+
1261	+	1262	+
1261	+	1263	+
1262	+	1264	+
1263	+	1264	+
1264	+	1265	+
1264	+	1266	+
1265	+	1266	+
1266	+	1267	+
1266	+	1268	+
1267	+	1268	+
1268	+	1270	+
1268	+	1269	+
1269	+	1271	+
1270	+	1271	+
1271	+	1272	+
1271	+	1273	+
1272	+	1273	+
1273	+	1275	+
1273	+	1274	+
1274	+	1275	+
1275	+	1276	+
1275	+	1277	+
1276	+	1278	+
1277	+	1278	+
1278	+	1280	+
1278	+	1279	+
1279	+	1281	+
1280	+	1281	+
1281	+	1283	+
1281	+	1282	+
1282	+	1283	+
1283	+	1284	+
1283	+	1285	+
1284	+	1286	+
1285	+	1286	+
1286	+	1288	+
1286	+	1287	+
1287	+	1289	+
1288	+	1289	+
1289	+	1291	+
1289	+	1290	+
1290	+	1291	+
1291	+	1293	+
1291	+	1292	+
1292	+	1294	+
1293	+	1294	+
1294	+	1296	+
1294	+	1295	+
1295	+	1297	+
1296	+	1297	+
1297	+	1579	+
1298	+	1299	+
1298	+	1300	+
1299	+	1301	+
1300	+	1301	+
1301	+	1303	+
1302	+	999	+
1303	+	1304	+
1304	+	1306	+
1304	+	1305	+
1305	+	1306	+
1306	+	1308	+
1306	+	1307	+
1307	+	1308	+
1308	+	1310	+
1308	+	1309	+
1309	+	1310	+
1310	+	1312	+
1310	+	1311	+
1311	+	1312	+
1312	+	1314	+
1312	+	1313	+
1313	+	1314	+
1314	+	1316	+
1314	+	1315	+
1315	+	1316	+
1316	+	1318	+
1316	+	1317	+
1317	+	1318	+
1318	+	1322	+
1318	+	1319	+
1319	+	1320	+
1319	+	1324	+
1320	+	1321	+
1320	+	1323	+
1321	+	1324	+
1322	+	1326	+
1323	+	1324	+
1324	+	1325	+
1324	+	1326	+
1325	+	1327	+
1325	+	1370	+
1326	+	1327	+
1326	+	1370	+
1327	+	1328	+
1327	+	1371	+
1328	+	1329	+
1328	+	1330	+
1329	+	1330	+
1330	+	1331	+
1330	+	1332	+
1331	+	1333	+
1332	+	1333	+
1333	+	1334	+
1333	+	1335	+
1334	+	1335	+
1335	+	1336	+
1335	+	1337	+
1336	+	1338	+
1337	+	1338	+
1338	+	1339	+
1338	+	1340	+
1339	+	1340	+
1340	+	1341	+
1340	+	1342	+
1341	+	1343	+
1342	+	1343	+
1343	+	1345	+
1343	+	1344	+
1344	+	1346	+
1345	+	1346	+
1346	+	1347	+
1346	+	1348	+
1347	+	1349	+
1348	+	1349	+
1349	+	1351	+
1349	+	1350	+
1350	+	1352	+
1351	+	1352	+
1352	+	1353	+
1352	+	1354	+
1353	+	1354	+
1354	+	1355	+
1354	+	1356	+
1355	+	1357	+
1356	+	1357	+
1357	+	1358	+
1357	+	1359	+
1358	+	1360	+
1359	+	1360	+
1360	+	1362	+
1360	+	1361	+
1361	+	1362	+
1362	+	1363	+
1362	+	1364	+
1363	+	1368	+
1364	+	1366	+
1364	+	1365	+
1365	+	1367	+
1366	+	1367	+
1367	+	1001	+
1367	+	997	+
1367	+	1368	+
1367	+	1302	+
1367	+	998	+
1368	+	1369	+
1368	+	1302	+
1369	+	1001	+
1370	+	1372	+
1371	+	1397	+
1372	+	1374	+
1372	+	1373	+
1373	+	1375	+
1374	+	1375	+
1375	+	1377	+
1375	+	1376	+
1376	+	1378	+
1377	+	1378	+
1378	+	1380	+
1378	+	1379	+
1379	+	1381	+
1380	+	1381	+
1381	+	1382	+
1381	+	1383	+
1382	+	1384	+
1383	+	1384	+
1384	+	1386	+
1384	+	1385	+
1385	+	1387	+
1386	+	1387	+
1387	+	1388	+
1387	+	1389	+
1388	+	1390	+
1389	+	1390	+
1390	+	1392	+
1390	+	1391	+
1391	+	1393	+
1392	+	1393	+
1393	+	1394	+
1393	+	1395	+
1393	+	1396	+
1394	+	1396	+
1395	+	1396	+
1396	+	1397	+
1396	+	1398	+
1397	+	1399	+
1398	+	1399	+
1399	+	1400	+
1399	+	1401	+
1400	+	1402	+
1401	+	1402	+
1402	+	1404	+
1402	+	1403	+
1403	+	1405	+
1404	+	1405	+
1405	+	1407	+
1405	+	1406	+
1406	+	1408	+
1407	+	1408	+
1408	+	1409	+
1409	+	1410	+
1410	+	1411	+
1410	+	1412	+
1411	+	1412	+
1412	+	1414	+
1412	+	1413	+
1413	+	1415	+
1414	+	1415	+
1415	+	1417	+
1415	+	1416	+
1416	+	1418	+
1417	+	1418	+
1418	+	1421	+
1418	+	1419	+
1419	+	1420	+
1419	+	1422	+
1420	+	1421	+
1421	+	1422	+
1422	+	1423	+
1422	+	1424	+
1423	+	1425	+
1424	+	1425	+
1425	+	1426	+
1425	+	1427	+
1426	+	1428	+
1427	+	1428	+
1428	+	1430	+
1428	+	1431	+
1428	+	1429	+
1429	+	1430	+
1430	+	1431	+
1431	+	1432	+
1431	+	1433	+
1432	+	1434	+
1433	+	1434	+
1434	+	1435	+
1434	+	1304	+
1435	+	1303	+
1436	+	1440	+
1436	+	1437	+
1437	+	1438	+
1437	+	1439	+
1438	+	1441	+
1439	+	1441	+
1440	+	1441	+
1441	+	1442	+
1442	+	1443	+
1443	+	1444	+
1444	+	1445	+
1444	+	1446	+
1445	+	1447	+
1446	+	1447	+
1447	+	1449	+
1447	+	1448	+
1448	+	1450	+
1449	+	1450	+
1450	+	1452	+
1450	+	1451	+
1451	+	1453	+
1452	+	1453	+
1453	+	1454	+
1453	+	1455	+
1454	+	1456	+
1455	+	1456	+
1456	+	1458	+
1456	+	1457	+
1457	+	1459	+
1458	+	1459	+
1459	+	1461	+
1459	+	1462	+
1459	+	1460	+
1460	+	1462	+
1460	+	1461	+
1461	+	1462	+
1462	+	1463	+
1462	+	1464	+
1462	+	1465	+
1463	+	1465	+
1464	+	1465	+
1465	+	1467	+
1465	+	1466	+
1466	+	1468	+
1467	+	1468	+
1468	+	1471	+
1468	+	1469	+
1468	+	1470	+
1469	+	1471	+
1470	+	1471	+
1471	+	1472	+
1471	+	1474	+
1471	+	1473	+
1472	+	1474	+
1473	+	1474	+
1474	+	1476	+
1474	+	1475	+
1475	+	1477	+
1476	+	1477	+
1477	+	1478	+
1477	+	1482	+
1477	+	1481	+
1477	+	1480	+
1477	+	1486	+
1477	+	1479	+
1478	+	1483	+
1479	+	1480	+
1480	+	1481	+
1481	+	1482	+
1482	+	1483	+
1483	+	1485	+
1483	+	1484	+
1484	+	1486	+
1485	+	1486	+
1486	+	1487	+
1486	+	1488	+
1487	+	1490	+
1488	+	1491	+
1488	+	1489	+
1489	+	1490	+
1490	+	1492	+
1491	+	1492	+
1492	+	1494	+
1492	+	1493	+
1493	+	1495	+
1494	+	1495	+
1495	+	1496	+
1495	+	1497	+
1496	+	1498	+
1497	+	1498	+
1498	+	1499	+
1498	+	1500	+
1499	+	1501	+
1499	+	1502	+
1500	+	1502	+
1501	+	1503	+
1502	+	1503	+
1503	+	1504	+
1503	+	1505	+
1504	+	1506	+
1505	+	1506	+
1506	+	1507	+
1506	+	1508	+
1507	+	1509	+
1508	+	1509	+
1509	+	1511	+
1509	+	1510	+
1510	+	1511	+
1511	+	1513	+
1511	+	1512	+
1512	+	1513	+
1513	+	1515	+
1513	+	1514	+
1514	+	1515	+
1515	+	1517	+
1515	+	1516	+
1516	+	1517	+
1517	+	1518	+
1517	+	1519	+
1518	+	1520	+
1519	+	1520	+
1520	+	1522	+
1520	+	1521	+
1521	+	1523	+
1522	+	1523	+
1523	+	1524	+
1523	+	1525	+
1524	+	1529	+
1525	+	1526	+
1525	+	1527	+
1526	+	1528	+
1527	+	1528	+
1528	+	1529	+
1528	+	1531	+
1529	+	1530	+
1529	+	1532	+
1530	+	1533	+
1531	+	1537	+
1532	+	1533	+
1533	+	1534	+
1533	+	1535	+
1534	+	1536	+
1535	+	1536	+
1536	+	1537	+
1537	+	1538	+
1537	+	1539	+
1538	+	1540	+
1539	+	1540	+
1540	+	1541	+
1540	+	1542	+
1541	+	1542	+
1542	+	1543	+
1542	+	1544	+
1543	+	1555	+
1543	+	1551	+
1543	+	1552	+
1543	+	1547	+
1543	+	1556	+
1543	+	1545	+
1544	+	1545	+
1545	+	1546	+
1545	+	1547	+
1546	+	1548	+
1547	+	1551	+
1547	+	1548	+
1547	+	1550	+
1548	+	1551	+
1548	+	1549	+
1549	+	1550	+
1549	+	1551	+
1549	+	1552	+
1549	+	1555	+
1550	+	1551	+
1551	+	1553	+
1551	+	1552	+
1552	+	1555	+
1552	+	1554	+
1553	+	1557	+
1554	+	1555	+
1555	+	1556	+
1556	+	1557	+
1557	+	1558	+
1557	+	1559	+
1558	+	1560	+
1559	+	1560	+
1560	+	1562	+
1560	+	1561	+
1561	+	1563	+
1562	+	1563	+
1563	+	1565	+
1563	+	1564	+
1564	+	1566	+
1565	+	1566	+
1565	+	1567	+
1566	+	1598	+
1567	+	1569	+
1567	+	1568	+
1568	+	1569	+
1569	+	1570	+
1569	+	1571	+
1570	+	1572	+
1571	+	1572	+
1572	+	1573	+
1572	+	1574	+
1573	+	1575	+
1574	+	1575	+
1575	+	1577	+
1575	+	1576	+
1576	+	1578	+
1577	+	1578	+
1578	+	1608	+
1579	+	1583	+
1579	+	1580	+
1580	+	1581	+
1580	+	1583	+
1581	+	1436	+
1581	+	1582	+
1582	+	1584	+
1583	+	1584	+
1584	+	1586	+
1584	+	1587	+
1584	+	1585	+
1585	+	1587	+
1586	+	1587	+
1587	+	1588	+
1587	+	1589	+
1588	+	1590	+
1589	+	1590	+
1590	+	1593	+
1590	+	1591	+
1590	+	1592	+
1591	+	1593	+
1592	+	1593	+
1593	+	1595	+
1593	+	1594	+
1594	+	1596	+
1595	+	1596	+
1596	+	1597	+
1596	+	1442	+
1597	+	1443	+
1598	+	1599	+
1599	+	1601	+
1599	+	1600	+
1600	+	1602	+
1601	+	1602	+
1602	+	1603	+
1602	+	1604	+
1602	+	1605	+
1603	+	1604	+
1604	+	1606	+
1604	+	1607	+
1605	+	1606	+
1606	+	1608	+
1607	+	1609	+
1608	+	1610	+
1608	+	1609	+
1609	+	1611	+
1609	+	1612	+
1610	+	1611	+
1611	+	1614	+
1611	+	1613	+
1612	+	1613	+
1613	+	1616	+
1613	+	1615	+
1614	+	1616	+
1615	+	1617	+
1616	+	1617	+
1617	+	1619	+
1617	+	1618	+
1618	+	1620	+
1619	+	1620	+
1620	+	1621	+
1620	+	1622	+
1620	+	1623	+
1621	+	1623	+
1622	+	1623	+
1623	+	1627	+
1623	+	1624	+
1624	+	1625	+
1624	+	1626	+
1625	+	1630	+
1626	+	1628	+
1627	+	1628	+
1628	+	1631	+
1628	+	1629	+
1629	+	1630	+
1630	+	1632	+
1631	+	1632	+
1632	+	1633	+
1632	+	1634	+
1633	+	1637	+
1634	+	1635	+
1634	+	1636	+
1635	+	1444	+
1636	+	1637	+
1637	+	1638	+
1637	+	1639	+
1638	+	1640	+
1639	+	1640	+
1640	+	1641	+
1640	+	1642	+
1641	+	1643	+
1642	+	1643	+
1643	+	1646	+
1643	+	1644	+
1644	+	1645	+
1644	+	1647	+
1645	+	1648	+
1646	+	1647	+
1647	+	1648	+
1648	+	1579	+
1648	+	1650	+
1648	+	1649	+
1649	+	1651	+
1650	+	1651	+
1651	+	1652	+
1651	+	1653	+
1652	+	1654	+
1653	+	1654	+
1654	+	1655	+
1654	+	1657	+
1654	+	1656	+
1655	+	1658	+
1656	+	1658	+
1657	+	1658	+
1658	+	1659	+
1658	+	1660	+
1659	+	1661	+
1660	+	1661	+
1660	+	1664	+
1661	+	1663	+
1661	+	1662	+
1662	+	1664	+
1663	+	1664	+
1664	+	1665	+
1664	+	1666	+
1665	+	1667	+
1666	+	1667	+
1667	+	1673	+
1667	+	1668	+
1668	+	1670	+
1668	+	1669	+
1669	+	1670	+
1670	+	1671	+
1670	+	1672	+
1671	+	1673	+
1672	+	1673	+
1673	+	1676	+
1673	+	1674	+
1674	+	1675	+
1674	+	1679	+
1675	+	1676	+
1676	+	1677	+
1676	+	1678	+
1677	+	1679	+
1678	+	1679	+
1679	+	1681	+
1679	+	1680	+
1680	+	1682	+
1681	+	1682	+
1682	+	1683	+
1682	+	1684	+
1683	+	1685	+
1684	+	1685	+
1685	+	1686	+
1685	+	1687	+
1686	+	1688	+
1687	+	1688	+
1688	+	1689	+
1688	+	1890	+
1689	+	1690	+
1689	+	1694	+
1690	+	1692	+
1690	+	1696	+
1690	+	1691	+
1691	+	1692	+
1692	+	1695	+
1692	+	1693	+
1693	+	1698	+
1693	+	1697	+
1694	+	1746	+
1695	+	1696	+
1696	+	1930	+
1697	+	1699	+
1698	+	1699	+
1699	+	1701	+
1699	+	1700	+
1700	+	1702	+
1701	+	1702	+
1702	+	1703	+
1702	+	1704	+
1703	+	1705	+
1704	+	1705	+
1705	+	1707	+
1705	+	1706	+
1706	+	1708	+
1707	+	1708	+
1708	+	1709	+
1708	+	1710	+
1709	+	1711	+
1710	+	1711	+
1711	+	1713	+
1711	+	1712	+
1712	+	1714	+
1713	+	1714	+
1714	+	1715	+
1714	+	1716	+
1715	+	1720	+
1715	+	1719	+
1715	+	1718	+
1715	+	1717	+
1715	+	1721	+
1716	+	1717	+
1717	+	1718	+
1718	+	1719	+
1719	+	1720	+
1720	+	1721	+
1721	+	1723	+
1721	+	1722	+
1722	+	1724	+
1723	+	1724	+
1724	+	1726	+
1724	+	1725	+
1725	+	1726	+
1726	+	1729	+
1726	+	1727	+
1727	+	1729	+
1727	+	1728	+
1728	+	1729	+
1729	+	1730	+
1729	+	1731	+
1730	+	1732	+
1731	+	1735	+
1731	+	1732	+
1732	+	1734	+
1732	+	1733	+
1732	+	1736	+
1733	+	1735	+
1734	+	1737	+
1735	+	1736	+
1736	+	1737	+
1737	+	1739	+
1737	+	1738	+
1738	+	1740	+
1739	+	1740	+
1740	+	1745	+
1741	+	1742	+
1741	+	1743	+
1742	+	1744	+
1743	+	1744	+
1744	+	1858	+
1744	+	1861	+
1744	+	1865	+
1744	+	1862	+
1744	+	1863	+
1744	+	1868	+
1745	+	1746	+
1746	+	1747	+
1747	+	1748	+
1747	+	1749	+
1748	+	1749	+
1749	+	1750	+
1749	+	1751	+
1750	+	1752	+
1751	+	1752	+
1752	+	1754	+
1752	+	1753	+
1753	+	1754	+
1754	+	1755	+
1754	+	1759	+
1754	+	1758	+
1754	+	1757	+
1754	+	1756	+
1755	+	1756	+
1756	+	1757	+
1757	+	1758	+
1758	+	1759	+
1759	+	1761	+
1759	+	1760	+
1760	+	1762	+
1761	+	1762	+
1762	+	1764	+
1762	+	1763	+
1763	+	1765	+
1764	+	1765	+
1765	+	1766	+
1765	+	1768	+
1765	+	1767	+
1766	+	1768	+
1767	+	1768	+
1768	+	1770	+
1768	+	1769	+
1769	+	1771	+
1770	+	1771	+
1771	+	1773	+
1771	+	1772	+
1771	+	1774	+
1772	+	1774	+
1773	+	1774	+
1774	+	1775	+
1774	+	1776	+
1775	+	1777	+
1776	+	1777	+
1777	+	1779	+
1777	+	1778	+
1778	+	1780	+
1779	+	1780	+
1780	+	1781	+
1780	+	1782	+
1781	+	1782	+
1782	+	1783	+
1782	+	1784	+
1783	+	1785	+
1784	+	1785	+
1785	+	1787	+
1785	+	1786	+
1786	+	1788	+
1787	+	1788	+
1788	+	1790	+
1788	+	1789	+
1789	+	1790	+
1790	+	1792	+
1790	+	1791	+
1791	+	1793	+
1792	+	1793	+
1793	+	1795	+
1793	+	1794	+
1794	+	1796	+
1795	+	1796	+
1796	+	1797	+
1796	+	1798	+
1797	+	1799	+
1798	+	1799	+
1799	+	1801	+
1799	+	1800	+
1800	+	1801	+
1801	+	1802	+
1801	+	1803	+
1802	+	1804	+
1803	+	1804	+
1804	+	1806	+
1804	+	1805	+
1805	+	1807	+
1806	+	1807	+
1807	+	1808	+
1807	+	1809	+
1808	+	1810	+
1809	+	1810	+
1810	+	1811	+
1810	+	1812	+
1811	+	1812	+
1812	+	1813	+
1812	+	1814	+
1813	+	1815	+
1814	+	1815	+
1815	+	1817	+
1815	+	1816	+
1816	+	1818	+
1817	+	1818	+
1818	+	1820	+
1818	+	1819	+
1819	+	1821	+
1820	+	1821	+
1821	+	1823	+
1821	+	1822	+
1822	+	1824	+
1823	+	1824	+
1824	+	1826	+
1824	+	1825	+
1825	+	1827	+
1826	+	1827	+
1827	+	1829	+
1827	+	1828	+
1828	+	1830	+
1829	+	1830	+
1830	+	1831	+
1830	+	1832	+
1831	+	1833	+
1832	+	1833	+
1833	+	1834	+
1833	+	1835	+
1834	+	1836	+
1835	+	1836	+
1836	+	1838	+
1836	+	1837	+
1837	+	1839	+
1838	+	1839	+
1839	+	1842	+
1839	+	1841	+
1839	+	1840	+
1840	+	1843	+
1841	+	1843	+
1842	+	1843	+
1843	+	1844	+
1843	+	1845	+
1844	+	1846	+
1845	+	1846	+
1846	+	1847	+
1846	+	1857	+
1847	+	1849	+
1847	+	1848	+
1848	+	1850	+
1849	+	1850	+
1850	+	1851	+
1850	+	1852	+
1851	+	1853	+
1852	+	1853	+
1853	+	1855	+
1853	+	1854	+
1854	+	1856	+
1855	+	1856	+
1856	+	1741	+
1857	+	1938	+
1858	+	1859	+
1858	+	1860	+
1858	+	1861	+
1859	+	1864	+
1859	+	1866	+
1860	+	1861	+
1861	+	1862	+
1862	+	1863	+
1863	+	1865	+
1864	+	1867	+
1865	+	1868	+
1866	+	1867	+
1867	+	1869	+
1867	+	1870	+
1867	+	1871	+
1868	+	1890	+
1868	+	1886	+
1869	+	1870	+
1870	+	1871	+
1871	+	1872	+
1871	+	1875	+
1872	+	1876	+
1872	+	1873	+
1872	+	1874	+
1873	+	1874	+
1874	+	1858	+
1875	+	1878	+
1875	+	1877	+
1875	+	1881	+
1876	+	1883	+
1877	+	1878	+
1878	+	1880	+
1878	+	1879	+
1879	+	1881	+
1880	+	1881	+
1881	+	1883	+
1881	+	1882	+
1882	+	1883	+
1883	+	1884	+
1883	+	1889	+
1884	+	1887	+
1884	+	1885	+
1885	+	1888	+
1886	+	1889	+
1887	+	1888	+
1888	+	1889	+
1889	+	1890	+
1890	+	1892	+
1890	+	1891	+
1891	+	1892	+
1892	+	1893	+
1892	+	1894	+
1893	+	1895	+
1894	+	1895	+
1895	+	1896	+
1895	+	1897	+
1896	+	1898	+
1897	+	1898	+
1898	+	1900	+
1898	+	1899	+
1899	+	1901	+
1900	+	1901	+
1901	+	1903	+
1901	+	1902	+
1902	+	1904	+
1903	+	1904	+
1904	+	1906	+
1904	+	1905	+
1905	+	1907	+
1906	+	1907	+
1907	+	1908	+
1907	+	1909	+
1908	+	1910	+
1909	+	1910	+
1910	+	1912	+
1910	+	1911	+
1911	+	1913	+
1912	+	1913	+
1913	+	1915	+
1913	+	1914	+
1914	+	1916	+
1915	+	1916	+
1916	+	1919	+
1916	+	1917	+
1917	+	1920	+
1917	+	1918	+
1918	+	1599	+
1919	+	1920	+
1920	+	1922	+
1920	+	1921	+
1921	+	1923	+
1922	+	1923	+
1923	+	1925	+
1923	+	1924	+
1924	+	1926	+
1925	+	1926	+
1926	+	1927	+
1926	+	1928	+
1927	+	1928	+
1928	+	1939	+
1928	+	1929	+
1929	+	1930	+
1929	+	1938	+
1930	+	1931	+
1930	+	1932	+
1931	+	1933	+
1932	+	1933	+
1933	+	1937	+
1933	+	1934	+
1934	+	1935	+
1934	+	1936	+
1935	+	1598	+
1936	+	1745	+
1937	+	1747	+
1938	+	1940	+
1939	+	1940	+
1940	+	1941	+
1940	+	1942	+
1941	+	1943	+
1942	+	1943	+
1943	+	1945	+
1943	+	1944	+
1944	+	1945	+
1945	+	1947	+
1945	+	1946	+
1946	+	1948	+
1947	+	1948	+
1948	+	1950	+
1948	+	1949	+
1949	+	1951	+
1950	+	1951	+
1951	+	1952	+
1951	+	1953	+
1952	+	1954	+
1953	+	1954	+
1954	+	1956	+
1954	+	1955	+
1955	+	1956	+
1956	+	1958	+
1956	+	1957	+
1957	+	1959	+
1958	+	1959	+
1959	+	1960	+
1959	+	1961	+
1960	+	1962	+
1961	+	1962	+
1962	+	1964	+
1962	+	1963	+
1963	+	1965	+
1964	+	1965	+
1965	+	1966	+
1965	+	1967	+
1966	+	1967	+
1967	+	1968	+
1967	+	1969	+
1968	+	1970	+
1969	+	1970	+
1970	+	1972	+
1970	+	1971	+
1971	+	1973	+
1972	+	1973	+
1973	+	1974	+
1973	+	1975	+
1974	+	1976	+
1975	+	1976	+
1976	+	1978	+
1976	+	1977	+
1977	+	1979	+
1978	+	1979	+
1979	+	1980	+
1979	+	1981	+
1980	+	1982	+
1981	+	1982	+
1982	+	1984	+
1982	+	1983	+
1983	+	1985	+
1984	+	1985	+
1985	+	1987	+
1985	+	1986	+
1986	+	1988	+
1987	+	1988	+
1988	+	1990	+
1988	+	1989	+
1989	+	1991	+
1990	+	1991	+
1991	+	1992	+
1991	+	1993	+
1992	+	1994	+
1993	+	1994	+
1994	+	1996	+
1994	+	1995	+
1995	+	1997	+
1996	+	1997	+
1997	+	1998	+
1997	+	1999	+
1998	+	2000	+
1999	+	2000	+
2000	+	2002	+
2000	+	2001	+
2001	+	2003	+
2002	+	2003	+
2003	+	2005	+
2003	+	2004	+
2004	+	2005	+
2005	+	2007	+
2005	+	2006	+
2006	+	2008	+
2007	+	2008	+
2008	+	2010	+
2008	+	2009	+
2009	+	2011	+
2010	+	2011	+
2011	+	2013	+
2011	+	2012	+
2012	+	2014	+
2013	+	2014	+
2014	+	2016	+
2014	+	2015	+
2015	+	2017	+
2016	+	2017	+
2017	+	2018	+
2017	+	2019	+
2018	+	2020	+
2019	+	2020	+
2020	+	2021	+
2020	+	2022	+
2021	+	2023	+
2022	+	2023	+
2023	+	2024	+
2023	+	2025	+
2024	+	2026	+
2025	+	2026	+
2026	+	2028	+
2026	+	2027	+
2027	+	2028	+
2028	+	2029	+
2028	+	2030	+
2029	+	2031	+
2030	+	2031	+
2031	+	2036	+
2031	+	2032	+
2031	+	2033	+
2032	+	2033	+
2033	+	2034	+
2033	+	2035	+
2034	+	2036	+
2035	+	2036	+
2036	+	2038	+
2036	+	2037	+
2037	+	2039	+
2038	+	2039	+
2039	+	2040	+
2039	+	2041	+
2040	+	2042	+
2041	+	2042	+
2042	+	2044	+
2042	+	2043	+
2043	+	2045	+
2044	+	2045	+
2045	+	2046	+
2045	+	2047	+
2046	+	2048	+
2047	+	2048	+
2048	+	2050	+
2048	+	2049	+
2049	+	2051	+
2050	+	2051	+
2051	+	2052	+
2051	+	2053	+
2052	+	2054	+
2053	+	2054	+
2054	+	2056	+
2054	+	2055	+
2055	+	2057	+
2056	+	2057	+
2057	+	2058	+
2057	+	2059	+
2058	+	2060	+
2059	+	2060	+
2060	+	2061	+
2060	+	2062	+
2061	+	2063	+
2062	+	2063	+
2063	+	2064	+
2063	+	2065	+
2064	+	2066	+
2065	+	2066	+
2066	+	2067	+
2066	+	2068	+
2067	+	2069	+
2068	+	2069	+
2069	+	2070	+
2069	+	2071	+
2070	+	2072	+
2071	+	2072	+
2072	+	2074	+
2072	+	2073	+
2073	+	2075	+
2074	+	2075	+
2075	+	2076	+
2075	+	2077	+
2076	+	2077	+
2077	+	2079	+
2077	+	2078	+
2078	+	2079	+
2079	+	2080	+
2079	+	2081	+
2080	+	2082	+
2081	+	2082	+
2082	+	2083	+
2082	+	2084	+
2083	+	2085	+
2084	+	2085	+
2085	+	2087	+
2085	+	2086	+
2086	+	2088	+
2087	+	2088	+
2088	+	2090	+
2088	+	2089	+
2089	+	2091	+
2090	+	2091	+
2091	+	2092	+
2091	+	2093	+
2092	+	2093	+
2093	+	2094	+
2093	+	2095	+
2094	+	2095	+
2095	+	2096	+
2095	+	2097	+
2096	+	2098	+
2097	+	2098	+
2098	+	2099	+
2098	+	2100	+
2099	+	2101	+
2100	+	2101	+
2101	+	2102	+
2101	+	2107	+
2102	+	2103	+
2102	+	2104	+
2102	+	2106	+
2102	+	2105	+
2103	+	2104	+
2104	+	2105	+
2105	+	2106	+
2106	+	2109	+
2106	+	2108	+
2108	+	2110	+
2109	+	2110	+
2110	+	2111	+
2110	+	2112	+
2111	+	2113	+
2112	+	2113	+
2113	+	2115	+
2113	+	2114	+
2114	+	2116	+
2115	+	2116	+
2116	+	2119	+
2116	+	2120	+
2116	+	2117	+
2116	+	2118	+
2117	+	2120	+
2118	+	2119	+
2119	+	2120	+
2120	+	2121	+
2120	+	2122	+
2121	+	2123	+
2122	+	2123	+
2123	+	2124	+
2123	+	2125	+
2124	+	2126	+
2125	+	2126	+
2126	+	2127	+
2126	+	2128	+
2127	+	2129	+
2128	+	2129	+
2129	+	2130	+
2129	+	2131	+
2130	+	2131	+
2131	+	2132	+
2131	+	2134	+
2132	+	2133	+
2132	+	2134	+
2133	+	2134	+
2134	+	2136	+
2134	+	2135	+
2135	+	2137	+
2136	+	2137	+
2137	+	2138	+
2137	+	2139	+
2138	+	2140	+
2139	+	2140	+
2140	+	2142	+
2140	+	2141	+
2141	+	2143	+
2142	+	2143	+
2143	+	2146	+
2143	+	2144	+
2144	+	2145	+
2144	+	2147	+
2145	+	2146	+
2146	+	2148	+
2147	+	2148	+
2148	+	2149	+
2148	+	2150	+
2149	+	2151	+
2150	+	2151	+
2151	+	2152	+
2151	+	2153	+
2152	+	2154	+
2153	+	2154	+
2154	+	2155	+
2154	+	2156	+
2155	+	2156	+
2156	+	2158	+
2156	+	2157	+
2157	+	2159	+
2158	+	2159	+
2159	+	2162	+
2159	+	2160	+
2159	+	2161	+
2159	+	2165	+
2159	+	2163	+
2160	+	2161	+
2161	+	2162	+
2162	+	2163	+
2163	+	2164	+
2163	+	2165	+
2164	+	2166	+
2165	+	2166	+
2166	+	2167	+
2166	+	2168	+
2167	+	2169	+
2168	+	2169	+
2169	+	2170	+
2169	+	2171	+
2170	+	2172	+
2171	+	2172	+
2172	+	2174	+
2172	+	2173	+
2173	+	2175	+
2174	+	2175	+
2175	+	2176	+
2175	+	2177	+
2176	+	2178	+
2177	+	2178	+
2178	+	2181	+
2178	+	2180	+
2178	+	2179	+
2179	+	2181	+
2180	+	2181	+
2181	+	2183	+
2181	+	2182	+
2181	+	2184	+
2182	+	2184	+
2183	+	2184	+
2184	+	2185	+
2184	+	2186	+
2185	+	2187	+
2186	+	2187	+
2187	+	2188	+
2187	+	2189	+
2188	+	2190	+
2189	+	2190	+
2190	+	2191	+
2190	+	2192	+
2191	+	2193	+
2192	+	2193	+
2193	+	2195	+
2193	+	2194	+
2194	+	2196	+
2195	+	2196	+
2196	+	2198	+
2196	+	2197	+
2197	+	2199	+
2197	+	2200	+
2198	+	2199	+
2199	+	2201	+
2200	+	2201	+
2201	+	2202	+
2201	+	2203	+
2202	+	2204	+
2203	+	2204	+
2204	+	2205	+
2204	+	2206	+
2205	+	2207	+
2206	+	2207	+
2207	+	2209	+
2207	+	2208	+
2208	+	2210	+
2209	+	2210	+
